{
  "results": [
    {
      "command": "python3 bench.py",
      "mean": 83.3107689482,
      "stddev": 0.5480216804423447,
      "median": 83.1996805668,
      "user": 83.16555639999999,
      "system": 2.10165794,
      "min": 82.6028925448,
      "max": 84.2264365468,
      "times": [
        84.0186367668,
        82.9507412698,
        83.2713837978,
        82.6028925448,
        83.8344444448,
        84.2264365468,
        83.3038810338,
        82.7095603428,
        83.1279773358,
        83.0617353988
      ],
      "exit_codes": [
        0,
        0,
        0,
        0,
        0,
        0,
        0,
        0,
        0,
        0
      ]
    },
    {
      "command": "ipython bench.ipynb",
      "mean": 83.717467732,
      "stddev": 0.723587937209855,
      "median": 83.5167201268,
      "user": 83.68215289999998,
      "system": 2.1066272399999995,
      "min": 82.4050548028,
      "max": 85.0031478838,
      "times": [
        83.3465401048,
        84.0123725058,
        85.0031478838,
        84.4494549778,
        83.3396276838,
        83.4899531528,
        83.3799713018,
        82.4050548028,
        84.2050678058,
        83.5434871008
      ],
      "exit_codes": [
        0,
        0,
        0,
        0,
        0,
        0,
        0,
        0,
        0,
        0
      ]
    }
  ]
}
