{
  "results": [
    {
      "command": "python3 bench.py",
      "mean": 6.90855716202,
      "stddev": 0.07819554963773553,
      "median": 6.9027659659200005,
      "user": 6.8540401399999995,
      "system": 1.0962168399999999,
      "min": 6.787522575920001,
      "max": 7.06638560992,
      "times": [
        6.787522575920001,
        6.86230881092,
        6.91708026392,
        6.94130585892,
        6.88845166792,
        7.06638560992,
        6.83485851292,
        6.9404029649200005,
        6.87421331892,
        6.973042035920001
      ],
      "exit_codes": [
        0,
        0,
        0,
        0,
        0,
        0,
        0,
        0,
        0,
        0
      ]
    },
    {
      "command": "ipython bench.ipynb",
      "mean": 7.271393647320001,
      "stddev": 0.09200433516215253,
      "median": 7.27908840142,
      "user": 7.22018444,
      "system": 1.0843313399999999,
      "min": 7.07705065592,
      "max": 7.3912062489200006,
      "times": [
        7.3912062489200006,
        7.2210725709200005,
        7.28676817192,
        7.27700049592,
        7.22364916892,
        7.28117630692,
        7.22863355892,
        7.07705065592,
        7.36670077892,
        7.36067851592
      ],
      "exit_codes": [
        0,
        0,
        0,
        0,
        0,
        0,
        0,
        0,
        0,
        0
      ]
    }
  ]
}
