{
  "results": [
    {
      "command": "python3 bench.py",
      "mean": 306.83510905559996,
      "stddev": 2.2709878836012987,
      "median": 306.5341006781,
      "user": 304.61407159999993,
      "system": 3.2522267200000003,
      "min": 303.54229961109996,
      "max": 310.14502187709996,
      "times": [
        305.94750522609996,
        307.99137177209997,
        305.2624434801,
        303.54229961109996,
        305.6676554961,
        307.1206961301,
        308.5559935601,
        304.2739086301,
        309.8441947731,
        310.14502187709996
      ],
      "exit_codes": [
        0,
        0,
        0,
        0,
        0,
        0,
        0,
        0,
        0,
        0
      ]
    },
    {
      "command": "ipython bench.ipynb",
      "mean": 301.1514317981,
      "stddev": 2.2960402108930777,
      "median": 300.71240917709997,
      "user": 298.94588179999994,
      "system": 3.2296985199999995,
      "min": 298.05064683209997,
      "max": 304.4044515991,
      "times": [
        299.98055510209997,
        301.4442632521,
        299.6213549921,
        298.05064683209997,
        303.4244817981,
        304.2373630541,
        304.4044515991,
        299.1536687111,
        302.04093473209997,
        299.15659790809997
      ],
      "exit_codes": [
        0,
        0,
        0,
        0,
        0,
        0,
        0,
        0,
        0,
        0
      ]
    }
  ]
}
