{
  "results": [
    {
      "command": "python3 bench.py",
      "mean": 19.485909493400005,
      "stddev": 0.3872685307185694,
      "median": 19.3604807315,
      "user": 19.680045720000003,
      "system": 1.8074799199999998,
      "min": 18.9405516765,
      "max": 20.1254114235,
      "times": [
        20.1254114235,
        19.2959112305,
        19.266435249500002,
        20.037004533500003,
        19.263932393500003,
        19.138749383500002,
        19.425050232500002,
        18.9405516765,
        19.7290349395,
        19.637013871500002
      ],
      "exit_codes": [
        0,
        0,
        0,
        0,
        0,
        0,
        0,
        0,
        0,
        0
      ]
    },
    {
      "command": "ipython bench.ipynb",
      "mean": 19.7983238239,
      "stddev": 0.2178043679310417,
      "median": 19.768219929,
      "user": 20.02863002,
      "system": 1.8244086199999998,
      "min": 19.5620622675,
      "max": 20.3157908795,
      "times": [
        20.3157908795,
        19.9275980265,
        19.8727860885,
        19.5931748835,
        19.5620622675,
        19.608703451500002,
        19.803073242500002,
        19.7651819605,
        19.763609541500003,
        19.7712578975
      ],
      "exit_codes": [
        0,
        0,
        0,
        0,
        0,
        0,
        0,
        0,
        0,
        0
      ]
    }
  ]
}
