{
  "results": [
    {
      "command": "python3 bench.py",
      "mean": 3.31591236348,
      "stddev": 0.09197640801518367,
      "median": 3.3028568099799998,
      "user": 3.37400734,
      "system": 0.98614198,
      "min": 3.22163102598,
      "max": 3.5574249989799998,
      "times": [
        3.5574249989799998,
        3.24717197798,
        3.28531704898,
        3.22163102598,
        3.3244837859799996,
        3.3234867279799998,
        3.32039657098,
        3.32396461298,
        3.27019279498,
        3.28505408998
      ],
      "exit_codes": [
        0,
        0,
        0,
        0,
        0,
        0,
        0,
        0,
        0,
        0
      ]
    },
    {
      "command": "ipython bench.ipynb",
      "mean": 3.63635883218,
      "stddev": 0.036534946426017824,
      "median": 3.62108422748,
      "user": 3.6740945399999996,
      "system": 0.99629358,
      "min": 3.59426113398,
      "max": 3.68971279198,
      "times": [
        3.62463236198,
        3.68971279198,
        3.65232047798,
        3.59426113398,
        3.61322383498,
        3.67404697898,
        3.59691254698,
        3.61753609298,
        3.6874699459799998,
        3.61347215598
      ],
      "exit_codes": [
        0,
        0,
        0,
        0,
        0,
        0,
        0,
        0,
        0,
        0
      ]
    }
  ]
}
