{
  "results": [
    {
      "command": "python3 bench.py",
      "mean": 24.12825345114,
      "stddev": 0.6892770900761568,
      "median": 24.137037198039998,
      "user": 24.24453234,
      "system": 0.9253059,
      "min": 22.94790826054,
      "max": 25.56631555754,
      "times": [
        24.28265641754,
        24.19912833054,
        23.59099739354,
        24.16715817354,
        23.75029031654,
        24.10691622254,
        25.56631555754,
        22.94790826054,
        24.70053808254,
        23.97062575654
      ],
      "exit_codes": [
        0,
        0,
        0,
        0,
        0,
        0,
        0,
        0,
        0,
        0
      ]
    },
    {
      "command": "ipython bench.ipynb",
      "mean": 24.528075534939997,
      "stddev": 0.5775886620534301,
      "median": 24.656125185039997,
      "user": 24.64046194,
      "system": 0.9218258999999998,
      "min": 23.62061712554,
      "max": 25.24661679954,
      "times": [
        24.56351597654,
        24.793607791539998,
        25.19175859354,
        24.748734393539998,
        24.17927774354,
        25.24661679954,
        23.63527157654,
        24.37414075654,
        24.92721459254,
        23.62061712554
      ],
      "exit_codes": [
        0,
        0,
        0,
        0,
        0,
        0,
        0,
        0,
        0,
        0
      ]
    }
  ]
}
