{
  "results": [
    {
      "command": "python3 bench.py",
      "mean": 60.999256197720015,
      "stddev": 0.7164645580364688,
      "median": 60.76120168292,
      "user": 43.59117388,
      "system": 14.157377460000001,
      "min": 60.12566342392,
      "max": 62.104329759920006,
      "times": [
        61.93279392392,
        62.104329759920006,
        61.422542284920006,
        60.12566342392,
        60.439913900920004,
        60.585398525920006,
        60.58321869992,
        60.93700483992,
        61.607019059920006,
        60.254677557920004
      ],
      "exit_codes": [
        0,
        0,
        0,
        0,
        0,
        0,
        0,
        0,
        0,
        0
      ]
    },
    {
      "command": "ipython bench.ipynb",
      "mean": 63.20818266381999,
      "stddev": 0.6355990348514277,
      "median": 63.380224650420004,
      "user": 44.67961388,
      "system": 14.17859746,
      "min": 62.131656927920005,
      "max": 64.21416555191999,
      "times": [
        62.40217800492,
        62.131656927920005,
        62.65474035892,
        64.21416555191999,
        63.42686995292,
        63.27804455892,
        63.40803880392,
        63.80568317792,
        63.37092342692,
        63.38952587392
      ],
      "exit_codes": [
        0,
        0,
        0,
        0,
        0,
        0,
        0,
        0,
        0,
        0
      ]
    }
  ]
}
