{
  "results": [
    {
      "command": "python3 bench.py",
      "mean": 2.69356883148,
      "stddev": 0.03964650507169818,
      "median": 2.70509333048,
      "user": 2.5973661800000003,
      "system": 1.1389687199999998,
      "min": 2.62671817998,
      "max": 2.75233624598,
      "times": [
        2.6977002529800003,
        2.65110592498,
        2.65742392398,
        2.7124864079799997,
        2.67457349198,
        2.7136592299799998,
        2.62671817998,
        2.72176147698,
        2.75233624598,
        2.72792317998
      ],
      "exit_codes": [
        0,
        0,
        0,
        0,
        0,
        0,
        0,
        0,
        0,
        0
      ]
    },
    {
      "command": "ipython bench.ipynb",
      "mean": 3.02242239468,
      "stddev": 0.04804023191013558,
      "median": 3.02552872198,
      "user": 2.90892738,
      "system": 1.13649822,
      "min": 2.90752118098,
      "max": 3.06820888898,
      "times": [
        3.0513666219799997,
        3.00519515498,
        3.06567497698,
        3.06346230598,
        2.90752118098,
        3.03352772598,
        3.01247018298,
        3.06820888898,
        3.01752971798,
        2.99926718998
      ],
      "exit_codes": [
        0,
        0,
        0,
        0,
        0,
        0,
        0,
        0,
        0,
        0
      ]
    }
  ]
}
