{
  "results": [
    {
      "command": "python3 bench.py",
      "mean": 20.016303979519996,
      "stddev": 0.12564279647420815,
      "median": 19.962795876119998,
      "user": 18.83233376,
      "system": 2.2160889,
      "min": 19.89920941562,
      "max": 20.234212344619998,
      "times": [
        20.234212344619998,
        20.084317784619998,
        20.096206478619997,
        19.91356075362,
        20.19106890862,
        19.95309955662,
        19.89920941562,
        19.97249219562,
        19.90671082562,
        19.912161531619997
      ],
      "exit_codes": [
        0,
        0,
        0,
        0,
        0,
        0,
        0,
        0,
        0,
        0
      ]
    },
    {
      "command": "ipython bench.ipynb",
      "mean": 20.35734754982,
      "stddev": 0.118013488723352,
      "median": 20.32757915762,
      "user": 19.16964556,
      "system": 2.2199266,
      "min": 20.20887641162,
      "max": 20.55582688562,
      "times": [
        20.33699118162,
        20.40916349362,
        20.23538473262,
        20.20887641162,
        20.55582688562,
        20.30610793962,
        20.318167133619998,
        20.34754796662,
        20.301657698619998,
        20.55375205462
      ],
      "exit_codes": [
        0,
        0,
        0,
        0,
        0,
        0,
        0,
        0,
        0,
        0
      ]
    }
  ]
}
