{
  "results": [
    {
      "command": "python3 bench.py",
      "mean": 1.5380343772200002,
      "stddev": 0.01032083960724742,
      "median": 1.54336644882,
      "user": 1.5208654,
      "system": 1.0591011799999996,
      "min": 1.5196056903200001,
      "max": 1.54612442132,
      "times": [
        1.54326749932,
        1.5434653983200002,
        1.5446922253200002,
        1.53223817432,
        1.5435341263200002,
        1.52024991132,
        1.54612442132,
        1.5196056903200001,
        1.5412706663200002,
        1.54589565932
      ],
      "exit_codes": [
        0,
        0,
        0,
        0,
        0,
        0,
        0,
        0,
        0,
        0
      ]
    },
    {
      "command": "ipython bench.ipynb",
      "mean": 1.8544836175200001,
      "stddev": 0.007839197602124912,
      "median": 1.85149844682,
      "user": 1.8063596999999998,
      "system": 1.0827986799999998,
      "min": 1.84520396832,
      "max": 1.8648937033200002,
      "times": [
        1.84520396832,
        1.8648937033200002,
        1.8622332803200001,
        1.8481078933200001,
        1.85119621932,
        1.85180067432,
        1.8482700553200002,
        1.86178332632,
        1.8471542193200001,
        1.8641928353200001
      ],
      "exit_codes": [
        0,
        0,
        0,
        0,
        0,
        0,
        0,
        0,
        0,
        0
      ]
    }
  ]
}
