{
  "results": [
    {
      "command": "python3 bench.py",
      "mean": 16.01406958434,
      "stddev": 0.1396795040024523,
      "median": 15.96887079814,
      "user": 15.736532980000002,
      "system": 1.3033053799999998,
      "min": 15.825690754639998,
      "max": 16.25316144364,
      "times": [
        16.253022954640002,
        15.95798230564,
        15.825690754639998,
        16.00340735064,
        15.972264105639999,
        16.055882923640002,
        15.954565618639998,
        16.25316144364,
        15.96547749064,
        15.899240895639998
      ],
      "exit_codes": [
        0,
        0,
        0,
        0,
        0,
        0,
        0,
        0,
        0,
        0
      ]
    },
    {
      "command": "ipython bench.ipynb",
      "mean": 16.619925086440002,
      "stddev": 0.1018357192149438,
      "median": 16.64776976214,
      "user": 16.31930868,
      "system": 1.30855438,
      "min": 16.47701725064,
      "max": 16.80204512964,
      "times": [
        16.710219174640002,
        16.48654502264,
        16.80204512964,
        16.537103643640002,
        16.47701725064,
        16.64970309464,
        16.572167104640002,
        16.645836429640003,
        16.65868055964,
        16.65993345464
      ],
      "exit_codes": [
        0,
        0,
        0,
        0,
        0,
        0,
        0,
        0,
        0,
        0
      ]
    }
  ]
}
