{
  "results": [
    {
      "command": "python3 bench.py",
      "mean": 1.4680175952,
      "stddev": 0.01946352626993497,
      "median": 1.4637006274000002,
      "user": 1.5613393399999997,
      "system": 0.9475933399999998,
      "min": 1.4419082544,
      "max": 1.5011938804,
      "times": [
        1.4991947954,
        1.4638093724,
        1.4635918824,
        1.4550186334,
        1.4727454204,
        1.4485867174,
        1.5011938804,
        1.4419082544,
        1.4719151614000001,
        1.4622118344000001
      ],
      "exit_codes": [
        0,
        0,
        0,
        0,
        0,
        0,
        0,
        0,
        0,
        0
      ]
    },
    {
      "command": "ipython bench.ipynb",
      "mean": 1.7957377399000003,
      "stddev": 0.015297381485302934,
      "median": 1.7950657624000002,
      "user": 1.8520032399999997,
      "system": 0.9779836399999999,
      "min": 1.7694619984000002,
      "max": 1.8229463274,
      "times": [
        1.7884010544,
        1.7951446284,
        1.7694619984000002,
        1.8070915064,
        1.8096722814000001,
        1.7949868964,
        1.7905150074,
        1.7994379654000001,
        1.7797197334,
        1.8229463274
      ],
      "exit_codes": [
        0,
        0,
        0,
        0,
        0,
        0,
        0,
        0,
        0,
        0
      ]
    }
  ]
}
