{
  "results": [
    {
      "command": "python3 bench.py",
      "mean": 2.11756728272,
      "stddev": 0.04207156069396045,
      "median": 2.12219675102,
      "user": 2.1827056399999996,
      "system": 0.97210804,
      "min": 2.05186042902,
      "max": 2.19208145802,
      "times": [
        2.19208145802,
        2.12601673102,
        2.1335603400200003,
        2.12071955502,
        2.10244220002,
        2.05186042902,
        2.1236739470200003,
        2.07463261402,
        2.16713346502,
        2.0835520880200002
      ],
      "exit_codes": [
        0,
        0,
        0,
        0,
        0,
        0,
        0,
        0,
        0,
        0
      ]
    },
    {
      "command": "ipython bench.ipynb",
      "mean": 2.4823793218200003,
      "stddev": 0.024089843721439328,
      "median": 2.4837460795200004,
      "user": 2.51354224,
      "system": 0.9898299400000001,
      "min": 2.44558800102,
      "max": 2.52206252802,
      "times": [
        2.4931983680200003,
        2.52206252802,
        2.46287903702,
        2.5017703360200003,
        2.4645672480200003,
        2.44558800102,
        2.47922247202,
        2.4601158140200003,
        2.50611972702,
        2.4882696870200003
      ],
      "exit_codes": [
        0,
        0,
        0,
        0,
        0,
        0,
        0,
        0,
        0,
        0
      ]
    }
  ]
}
